Word,Translation
в,in
не,not
он,he
на,on
я,I
что,A what
тот,that
быть,be
с,with
а,and
весь,all
это,This is
как,how
она,She is
по,along
но,but
они,they
к,to
у,at
ты,You will
из,from
мы,We are
за,behind
вы,You
так,so
же,same
от,From
сказать,say
этот,This one
который,Which one
мочь,can
человек,person
о,about
один,one
еще,more
бы,Would
такой,such
только,only
себя,themselves
свое,Your
какой,what
когда,when
уже,Already have
для,for
вот,here
кто,who
да,Yes
говорить,speak
год,year
знать,To know
мой,my
до,before
или,or
если,if
время,It's time
рука,hand
нет,No
самый,the most
ни,nor
стать,become
большой,big
даже,even
другой,other
наш,our
свой,its
ну,well
под,under
где,Where is
дело,business
есть,eat
сам,himself
раз,time
чтобы,that
два,two
там,Over there
чем,than
глаз,eye
жизнь,life
первый,first
день,day
тута,mulberry
во,in
ничто,nothing
потом,later
очень,Very much
со,with
хотеть,To want
ли,whether
при,at
голова,head
надо,must
без,without
видеть,see
идти,go
теперь,For now
тоже,also
стоять,stand
друг,A friend
дом,House
сейчас,Right away
можно,Can
после,after
слово,word
здесь,In here
думать,think
место,place
спросить,ask
через,through
лицо,face
что,A what
тогда,then
ведь,you see
хороший,good
каждый,each
новый,new
жить,live
должный,due
смотреть,look
почему,why
потому,therefore
сторона,side
просто,simply
нога,leg
сидеть,sit
понять,understand
иметь,have
конечный,finite
делать,do
вдруг,suddenly
над,above
взять,take
никто,No one
сделать,To be done
дверь,The door
перед,before
нужный,necessary
понимать,understand
казаться,seem
работа,work
три,three
ваш,your
уж,grass snake
земля,earth
конец,The end
несколько,several
час,hour
голос,voice
город,city
последний,last
пока,So long
хорошо,Ok
давать,To give
вода,water
более,more
хотя,though
всегда,always
второй,second
куда,Where to
пойти,go
стол,table
ребенок,child
увидеть,To see
сила,strength
отец,father
женщина,woman
машина,machine
случай,case
ночь,night
сразу,at once
мир,world
совсем,At all
остаться,stay
об,about
вид,view
выйти,Exit
дать,give
работать,To work
любить,love
старый,old
почти,almost
ряд,row
оказаться,turn out
начало,beginning
твой,your
вопрос,question
много,A lot
война,war
снова,Once again
ответить,answer
между,between
подумать,think
опять,again
белый,White
деньги,The money
значить,mean
про,about
лишь,only
минута,minute
жена,wife
посмотреть,look
правда,Really
главный,main
страна,country
свет,light
ждать,wait
мать,mother
будто,as if
никогда,never
товарищ,comrade
дорога,road
однако,however
лежать,lie
именно,namely
окно,window
никакой,no
найти,To find
писать,write
комната,room
москва,Moscow
часть,part
вообще,generally
книга,book
маленький,small
улица,street
решить,solve
далекий,far
душа,soul
чуть,hardly
вернуться,return
утро,morning
некоторый,some
считать,count
сколько,How many
помнить,remember
вечер,Evening
пол,floor
таки,Taki
получить,Get
народ,people
плечо,shoulder
хоть,although
сегодня,today
бог,god
вместе,together
взгляд,opinion
ходить,walk
зачем,What for
советский,Soviet
русский,Russian
бывать,be
полный,full
прийти,come
палец,finger
россия,Russia
любой,any
история,history
наконец,finally
мысль,thought
узнать,Find out
назад,Back
общий,general
заметить,notice
словно,like
прошлый,past
уйти,Get away
известный,known
давно,long ago
слышать,hear
слушать,listen
бояться,fear
сын,son
нельзя,must not
прямо,straight
долго,long
быстро,quickly
лес,forest
похожий,similar
пора,pore
пять,five
глядеть,look
оно,it
сесть,sit down
имя,name
ж,W
разговор,conversation
тело,body
молодой,young
стена,wall
красный,red
читать,read
право,right
старик,old man
ранний,early
хотеться,want
мама,mummy
оставаться,stay
высокий,high
путь,path
поэтому,therefore
совершенно,absolutely
кроме,except
тысяча,thousand
месяц,month
брать,take
написать,To write
целый,whole
огромный,huge
начинать,begin
спина,back
настоящий,true
пусть,let
язык,tongue
точно,That's right
среди,among
чувствовать,feel
сердце,heart
вести,lead
иногда,sometimes
мальчик,boy
успеть,manage
небо,sky
живой,alive
смерть,death
продолжать,continue
девушка,girl
образ,image
ко,co
забыть,forget
вокруг,around
письмо,letter
власть,power
черный,black
пройти,pass
появиться,appear
воздух,air
разный,different
выходить,go out
просить,ask
брат,brother
собственный,own
отношение,attitude
затем,then
пытаться,To try
показать,show
вспомнить,remember
система,system
четыре,four
квартира,apartment
держать,hold
также,likewise
любовь,love
солдат,soldier
откуда,From where
чтоб,so that
называть,call
третий,third
хозяин,master
вроде,Kind of
уходить,leave
подойти,fit
поднять,raise
особенно,especially
спрашивать,ask
начальник,chief
оба,both
бросить,throw
школа,school
парень,guy
кровь,blood
двадцать,twenty
солнце,The sun
неделя,week
послать,send
находиться,be
ребята,boys
поставить,put
встать,get up
например,For example
шаг,step
мужчина,man
равно,equally
нос,nose
мало,little
внимание,attention
капитан,captain
ухо,ear
туда,there
сюда,This way
играть,play
следовать,follow
рассказать,tell
великий,great
действительно,really
слишком,too
тяжелый,heavy
спать,sleep
оставить,leave
войти,Log in
длинный,long
чувство,sense
молчать,silent
рассказывать,tell
отвечать,answer
становиться,become
остановиться,stop
берег,bank
семья,family
искать,search
генерал,general
момент,Just a moment
десять,ten
начать,begin
следующий,next
личный,personal
труд,labour
верить,believe
группа,group
немного,A little
впрочем,however
видно,apparently
являться,appear
муж,husband
разве,perhaps
движение,movement
порядок,That is ok
ответ,answer
тихо,Be quiet
знакомый,acquaintance
газета,newspaper
помощь,help
сильный,strong
скорый,rapid
собака,dog
дерево,tree
снег,snow
сон,dream
смысл,meaning
смочь,can
против,against
бежать,run
двор,yard
форма,form
простой,simple
приехать,come
иной,other
кричать,shout
возможность,possibility
общество,society
зеленый,green
грудь,breast
угол,corner
открыть,open
происходить,occur
ладно,okay
черный,black
век,century
карман,pocket
ехать,go
немец,German
наверное,I guess
губа,lip
дядя,uncle
приходить,come
часто,often
домой,home
огонь,fire
писатель,writer
армия,army
состояние,condition
зуб,tooth
очередь,queue
кой,who
подняться,climb
камень,stone
гость,guest
показаться,seem
ветер,wind
собираться,gather
попасть,get
принять,accept
сначала,first
либо,or
поехать,go
услышать,hear
уметь,can
случиться,happen
странный,strange
единственный,only
рота,company
закон,law
короткий,short
море,sea
добрый,kind
темный,dark
гора,mountain
врач,doctor
край,edge
стараться,try
лучший,best
река,river
военный,military
мера,measure
страшный,terrible
вполне,quite
звать,call
произойти,happen
вперед,forward
медленно,slowly
возле,near
никак,nohow
заниматься,study
действие,action
довольно,quite
вещь,thing
необходимый,necessary
ход,move
боль,pain
судьба,fate
причина,reason
положить,Put it down
едва,hardly
черта,line
девочка,The girl
легкий,light
волос,hair
купить,buy
номер,number
основной,principal
широкий,wide
умереть,die
далеко,Far away
плохо,Not good
глава,chapter
красивый,beautiful
серый,grey
пить,drink
командир,commander
обычно,usually
партия,party
проблема,problem
страх,fear
проходить,Get in
ясно,I see
снять,remove
бумага,paper
герой,hero
пара,pair
государство,state
деревня,village
речь,speech
начаться,start
средство,means
положение,position
связь,connection
скоро,Coming soon
небольшой,small
представлять,represent
завтра,tomorrow
объяснить,explain
пустой,empty
произнести,pronounce
человеческий,human
нравиться,like
однажды,Once upon a time
мимо,past
иначе,otherwise
существовать,exist
класс,class
удаться,succeed
толстый,thick
цель,purpose
сквозь,through
прийтись,come on
чистый,clean
знать,To know
прежний,former
профессор,professor
господин,Mister
счастье,happiness
худой,thin
дух,spirit
план,plan
чужой,strange
зал,hall
представить,present
особый,special
директор,director
бывший,former
память,memory
близкий,near
сей,this
результат,result
больной,sick
данный,given
кстати,By the way
назвать,call
след,trace
улыбаться,smile
бутылка,bottle
трудно,hard
условие,condition
прежде,before
ум,intellect
улыбнуться,smile
процесс,process
картина,picture
вместо,Instead of
старший,senior
легко,It's easy
центр,center
подобный,similar
возможно,It's possible
около,about
смеяться,laugh
сто,One hundred
будущее,future
хватать,seize
число,number
всякое,Every
рубль,rouble
почувствовать,feel
принести,bring
вера,belief
вовсе,Is
удар,blow
телефон,telephone
колено,knee
согласиться,agree
мало,little
коридор,corridor
мужик,man
правый,right
автор,author
холодный,cold
хватить,suffice
многие,many
встреча,meeting
кабинет,cabinet
документ,document
самолет,airplane
вниз,down
принимать,accept
игра,game
рассказ,story
хлеб,bread
развитие,development
убить,kill
родной,native
открытый,open
менее,less
предложить,propose
желтый,yellow
приходиться,fall
выпить,drink
крикнуть,shout
трубка,pipe
враг,enemy
показывать,show
двое,two
доктор,doctor
ладонь,palm
вызвать,cause
спокойно,Be quiet
попросить,ask
наука,science
лейтенант,lieutenant
служба,service
оказываться,prove
привести,lead
сорок,forty
счет,account
возвращаться,return
золотой,golden
местный,local
кухня,kitchen
крупный,big
решение,decision
молодая,Young
тридцать,thirty
роман,novel
требовать,demand
компания,company
частый,frequent
российский,Russian
рабочий,worker
потерять,lose
течение,flow
синий,blue
столько,so much
теплый,warm
метр,meter
достать,get
железный,iron
институт,institute
сообщить,report
интерес,interest
обычный,usual
появляться,appear
упасть,fall
остальной,remaining
половина,half
московский,Moscow
шесть,six
получиться,Get
качество,quality
бой,combat
шея,neck
вон,Beat it
идея,idea
видимо,apparently
достаточно,enough
провести,spend
важный,important
трава,grass
дед,grandfather
сознание,consciousness
родитель,parent
простить,forgive
бить,beat
чай,tea
поздний,late
кивнуть,nod
род,genus
исчезнуть,disappear
тонкий,thin
немецкий,German
звук,sound
отдать,give
магазин,shop
президент,president
поэт,poet
спасибо,Thank you
болезнь,illness
событие,event
помочь,help
кожа,skin
лист,leaf
слать,send
вспоминать,remember
прекрасный,beautiful
слеза,tear
надежда,hope
молча,silently
сильно,strongly
верный,faithful
литература,literature
оружие,weapon
готовый,ready
запах,smell
неожиданно,unexpectedly
вчера,yesterday
вздохнуть,sigh
роль,role
рост,growth
природа,nature
политический,political
точка,dot
звезда,star
петь,sing
садиться,sit down
фамилия,surname
характер,character
пожалуйста,You are welcome
выше,above
офицер,officer
толпа,crowd
перестать,stop
придтись,come on
уровень,level
неизвестный,unknown
кресло,armchair
баба,tup
секунда,second
пожаловать,bestow
банк,bank
опыт,experience
тихий,quiet
поскольку,as
сапог,boot
правило,rule
стекло,glass
получать,receive
внутренний,internal
дочь,daughter
называться,be called
надеяться,hope
член,member
протянуть,extend
государственный,state
десяток,ten
глубокий,deep
цветок,flower
ах,ah
желание,desire
дождь,rain
впереди,ahead
подходить,suit
много,A lot
лоб,forehead
улыбка,smile
борьба,struggle
ворот,winch
ящик,box
этаж,floor
служить,serve
вновь,again
голубой,blue
нечего,Nothing
революция,revolution
впервые,First
сосед,neighbor
сестра,sister
долгий,long
чей,whose
поверить,believe
ситуация,situation
взглянуть,glance
слабый,weak
количество,quantity
вызывать,call
уверенный,sure
выход,exit
совет,advice
дурак,fool
любимый,beloved
союз,union
лето,summer
ожидать,expect
пришлый,alien
висеть,hang
граница,border
цвет,Color
серьезный,serious
создать,create
интересно,Interesting
свобода,freedom
зато,But
стул,chair
уехать,leave
поезд,train
музыка,music
быстрый,quick
тень,shadow
лошадь,horse
поле,field
выглядеть,look
учиться,To study
левый,left
разговаривать,talk
детский,childish
тип,type
суд,court
связанный,connected
горячий,hot
площадь,square
помогать,help
счастливый,happy
повернуться,turn
позволить,permit
встретить,meet
радость,joy
острый,sharp
возраст,age
орган,organ
карта,map
входить,enter
обнаружить,detect
король,king
слава,glory
полковник,colonel
мелкий,shallow
бок,side
цена,price
информация,information
мозг,brain
удовольствие,pleasure
воля,will
область,region
крыша,roof
нести,carry
обратно,inversely
современный,Up to date
дама,lady
семь,seven
веселый,cheery
прислать,Send
сад,garden
правительство,government
милый,Sweetheart
относиться,relate
возникать,arise
мол,jetty
повторить,Try again
название,name
средний,average
пример,example
невозможно,That's impossible
зеркало,mirror
погибнуть,perish
американский,American
дым,smoke
гореть,burn
плакать,weep
весьма,very
факт,fact
двигаться,move
рыба,fish
добавить,add
удивиться,wonder
бабушка,grandmother
вино,wine
ибо,because
учитель,teacher
действовать,act
осторожно,Watch out
круг,circle
папа,daddy
правильно,Correct
недавно,recently
держаться,hold on
причем,And
лететь,fly
носить,To wear
повод,cause
лагерь,camp
птица,bird
корабль,ship
мнение,opinion
ночной,nocturnal
здоровый,healthy
зима,winter
сухой,dry
километр,kilometer
кровать,bed
привыкнуть,Used
прочее,Other
свободный,free
лестница,ladder
неужели,Is it
обязательно,Sure
вверх,Top
детство,childhood
остров,island
статья,article
позвонить,Call
столь,so
мешать,hinder
водка,vodka
темнота,darkness
возникнуть,originate
способный,capable
станция,station
желать,wish
попробовать,try
получаться,result
гражданин,citizen
странно,strangely
вскоре,soon
интересный,interesting
команда,team
заболевание,disease
живот,belly
ставить,set
ради,for
тишина,silence
понятно,Got it
фронт,front
щека,cheek
страшно,it is frightful
район,district
наверно,probably
проводить,conduct
выражение,expression
слегка,slightly
мешок,sack
обещать,promise
дорогой,My dear
судить,judge
большинство,majority
собраться,gather
управление,management
колоть,prick
мокрый,wet
приказ,order
прямой,straight
закричать,cry out
кончиться,end
куст,bush
стрелять,shoot
художник,artist
знак,sign
завод,plant
кулак,fist
использовать,use
стакан,glass
пахнуть,smell
отсюда,hence
рот,mouth
пора,pore
передать,give
лечение,treatment
высший,supreme
сутки,day
вставать,rise
операция,operation
пространство,space
спокойный,calm
одежда,clothing
кусок,piece
тема,Subject
животный,animal
снимать,photograph
искусство,art
умный,clever
малый,small
курс,course
звонить,ring
очередной,next
чудо,A miracle
ощущение,sensation
крайний,extreme
напоминать,remind
придумать,contrive
падать,fall
здание,building
свежий,fresh
поговорить,talk
начинаться,start
милиция,militia
приказать,order
несмотря,despite
оттуда,thence
засмеяться,laugh
волна,wave
задача,task
касаться,touch
старуха,old woman
войско,army
срок,term
ужас,horror
узкий,narrow
материал,material
приняться,Take over
нормальный,normal
крик,cry
знание,knowledge
трое,three
четвертый,fourth
шум,noise
заставить,compel
автомат,automaton
резко,harshly
тетя,aunt
впечатление,impression
пауза,pause
глубина,depth
доллар,dollar
сотня,hundred
виноватый,guilty
студент,student
боевой,fighting
очко,point
нож,knife
подниматься,rise
мировой,worldwide
предмет,subject
плохой,bad
майор,major
ударить,hit
разуметься,Take it for granted
точный,accurate
всякий,any
деятельность,activity
инженер,engineer
программа,program
костюм,costume
женский,female
крепкий,strong
театр,theatre
встречаться,occur
различный,different
хвост,tail
танк,tank
социальный,social
мертвый,dead
попытаться,try
явно,obviously
журнал,journal
конь,horse
схватить,seize
вдоль,along
стихи,verse
степень,degree
отказаться,refuse
вытащить,Pull
предлагать,offer
фигура,figure
ключ,The key
черт,deuce
отправиться,Go
побежать,Run
вагон,car
культура,culture
курить,smoke
боец,fighter
западный,western
фильм,film
восемь,eight
открывать,open
зайти,enter
немедленно,Right away
замечать,notice
верно,faithfully
пыль,dust
закончить,finish
мягкий,soft
труба,pipe
редкий,rare
миллион,million
следить,watch
масса,mass
пятьдесят,fifty
обстоятельство,circumstance
всякий,any
одновременно,simultaneously
броситься,rush
пошлый,vulgar
круглый,round
штаб,headquarters
слух,hearing
голый,bare
закрыть,close
линия,line
лодка,boat
наоборот,vice versa
даль,distance
председатель,chairman
понравиться,Like
обратиться,address
период,period
организм,organism
отдел,department
весна,spring
обед,dinner
значение,meaning
дно,bottom
фотография,photography
некий,some
успех,success
грязный,dirty
естественно,naturally
велеть,order
сцена,scene
билет,ticket
состав,composition
знаменитый,famous
лишний,spare
честь,honour
иметься,be
смех,laughter
ссср,USSR
деревянный,wooden
опустить,sink
родиться,born
способ,way
спасти,save
зрение,vision
английский,English
отдельный,separate
извинить,excuse
громко,aloud
объявить,declare
запад,west
германия,Germany
обращаться,apply
население,population
беда,trouble
спешить,hurry
еда,meal
поздно,It's late
специальный,special
наблюдать,To watch
еврей,Jew
ой,ouch
суметь,succeed
обернуться,turn
министр,minister
фирма,firm
проснуться,wake up
организация,organization
принцип,principle
направление,direction
гораздо,much
мастер,master
подождать,wait
светлый,light
ошибка,error
высота,height
существо,creature
заговорить,begin to speak
мальчишка,urchin
пользоваться,use
научный,scientific
повторять,repeat
яркий,bright
несколько,several
учить,teach
взяться,fall to
бегать,run
господь,lord
общественный,public
устроить,arrange
дышать,breathe
лечь,lie down
сша,United States
камера,camera
победа,victory
ученый,scientist
состоять,consist
заходить,enter
человечество,mankind
фраза,phrase
внимательно,attentively
гот,goth
считаться,consider
вероятно,probably
соседний,adjacent
замок,lock
рыжий,red
ездить,go
господи,God
остановить,stop
встретиться,meet
явиться,appear
рынок,market
тяжело,heavily
злой,evil
клуб,club
привезти,bring
платить,pay
кость,bone
дикий,wild
личность,personality
столица,capital
спасть,Sleep
здоровье,health
здравствовать,Hello
попытка,attempt
позволять,allow
наиболее,most
постепенно,gradually
пятый,fifth
определенный,definite
читатель,reader
шутка,joke
исторический,historic
вслед,after
сотрудник,collaborator
внутри,inside
собственно,Actually
родина,homeland
царь,tsar
насчет,About
страница,page
скорость,speed
зверь,beast
помочь,help
заявить,state
нечто,something
размер,size
житель,inhabitant
секретарь,secretary
городской,urban
прекрасно,Well done
торчать,protrude
многое,much
америка,America
весело,merrily
сигарета,cigarette
полностью,fully
пиво,beer
возможный,possible
прием,reception
противник,adversary
образование,education
продукт,product
поймать,catch
пуля,bullet
книжка,book
дальний,far
экономический,economic
представитель,representative
собирать,collect
видимый,visible
производство,production
больница,hospital
ресторан,restaurant
находить,find
диван,sofa
дыхание,breath
тюрьма,prison
легкое,lung
мясо,meat
внизу,below
кошка,cat
взрослый,adult
отсутствие,absence
настроение,mood
собрать,collect
наступить,Step
покой,rest
тянуть,pull
народный,folk
процент,percent
постоянно,permanently
бросать,throw
мечтать,dream
захотеть,Want
автобус,bus
восток,east
оставлять,leave
усмехнуться,smile
эхо,echo
примерно,approximately
автомобиль,car
внешний,external
технический,technical
пропасть,precipice
выдержать,withstand
миг,moment
отряд,troop
сверху,above
настолько,so
встречать,meet
пускать,let
ясный,clear
занятие,occupation
реальный,real
задний,rear
европа,Europe
случайно,accidentally
артист,artist
сложный,complex
планета,planet
порог,threshold
явление,phenomenon
отпустить,release
красота,beauty
воскликнуть,exclaim
напротив,On the contrary
дрожать,shiver
палатка,tent
выбрать,choose
пьяный,drunk
рада,rada
доска,board
пистолет,pistol
пожать,Shake
актер,actor
раздаться,ring out
зря,in vain
потолок,ceiling
постель,bed
навстречу,towards
ближайший,nearest
сумка,bag
мгновение,moment
праздник,holiday
густой,thick
мост,bridge
энергия,energy
начальство,authorities
сожаление,regret
полтора,one and a half
объяснять,explain
обратить,convert
сунуть,shove
пятнадцать,fifteen
разрешить,allow
участок,district
жертва,victim
меч,sword
звонок,bell
кино,cinema
признаться,confess
мороз,frost
составлять,compose
бедный,poor
летний,summer
видать,See
адрес,address
закрытый,closed
горло,throat
костер,bonfire
жалко,miserably
кот,cat
бык,bull
трудный,difficult
текст,text
тепло,warmth
занимать,borrow
песок,sand
больно,It hurts
сомнение,doubt
территория,territory
тайна,mystery
волк,wolf
терять,lose
приятель,friend
рукав,sleeve
дедушка,grandfather
вскочить,Jump
прочитать,read
честно,honestly
масло,oil
постоянный,permanent
дорогой,My dear
всякая,Every
существование,existence
лезть,climb
младший,junior
отправить,Send
построить,build
нервный,nervous
пустить,allow
рождение,birth
заглянуть,look
проговорить,say
воспоминание,recollection
проверить,check
болеть,ache
тон,tone
понятие,concept
низкий,low
далее,further
вечный,eternal
песня,song
морской,maritime
крыло,wing
поднимать,raise
розовый,pink
нарушение,infringement
осень,autumn
положенный,Put
туман,fog
ленинград,Leningrad
платье,dress
представление,presentation
важно,importantly
изменение,change
вариант,variant
шофер,chauffeur
опасный,dangerous
означать,signify
вход,entrance
практически,practically
нынешний,present
глупый,stupid
национальный,national
чиновник,official
поверхность,surface
приятно,agreeably
каменный,stone
говориться,Says
прочий,other
испытывать,experience
рано,early
жениться,marry
аппарат,apparatus
церковь,church
ручка,pen
оглянуться,Look
пригласить,invite
хозяйка,hostess
строго,strictly
принадлежать,belong
внезапно,suddenly
единый,unified
дворец,palace
водитель,driver
строить,build
множество,multitude
перейти,go
столик,table
урок,lesson
древний,ancient
опасность,danger
повезти,Lucky
французский,French
поглядеть,look after
горе,grief
честной,Honest
способность,ability
повернуть,turn
остальное,remainder
добраться,Reach out
серьезно,in earnest
признать,recognize
поступить,arrive
работник,worker
долг,debt
специалист,specialist
торопиться,hurry
итак,so
центральный,central
телевизор,television set
зло,evil
вкус,taste
муха,fly
поиск,search
старшина,foreman
озеро,lake
чемодан,suitcase
вынуть,Remove
сзади,behind
приятный,pleasant
стоить,cost
предел,limit
музей,museum
пятно,spot
зона,zone
ученик,pupil
навсегда,Forever
толк,use
полагать,think
родственник,relative
источник,source
угодный,pleasing
послушать,listen
колесо,wheel
грязь,dirt
отметить,note
стен,Walls
добро,good
капля,drop
экран,screen
руководитель,chief
инспектор,inspector
удивление,astonishment
утверждать,assert
молоко,milk
очевидно,obviously
отличаться,differ
предложение,proposal
нету,No
среда,Wednesday
выскочить,jump out
одетый,dressed
площадка,platform
приезжать,come
катить,roll
совесть,conscience
кофе,coffee
штаны,trousers
охота,hunt
бровь,eyebrow
расти,grow
список,list
ниже,below
вернуть,return
зависеть,depend
ствол,trunk
основание,foundation
северный,north
познакомиться,meet
поведение,behaviour
жалить,sting
найтись,find
делаться,become
догадаться,guess
дальнейший,further
прожить,live
усилие,effort
гулять,walk
клетка,cage
разобраться,understand
обращать,convert
верхний,upper
обстановка,situation
температура,temperature
вывод,inference
абсолютно,absolutely
предприятие,enterprise
принятый,accepted
отдавать,return
сходить,descend
подарок,gift
звучать,sound
отделение,compartment
волноваться,worry
нижний,lower
штука,piece
защита,protection
вряд,scarcely
выстрел,shot
тотчас,instantly
суть,gist
труп,corpse
основа,base
подать,tax
домашний,domestic
готовить,prepare
участие,participation
жалеть,pity
фон,background
признак,sign
врать,lie
возразить,object
дача,dacha
обо,about
довольный,content
готовиться,prepare
слой,layer
охрана,protection
превратиться,Turn
милиционер,militiaman
портрет,portrait
терпеть,tolerate
махнуть,wave
шкаф,cupboard
вес,weight
холод,cold
определить,define
выпустить,produce
тревога,Red alert
выступать,project
полок,Shelves
куртка,jacket
спустя,later
отчего,why
изба,izba
редко,rarely
вершина,top
тайный,secret
занятый,busy
рассматривать,consider
отойти,Depart
вырасти,grow
париж,Paris
убийство,murder
рубашка,shirt
ох,oh
хозяйство,economy
парк,park
перевести,Translate
режим,regime
руководство,guidance
посадить,plant
преступление,crime
стенка,wall
орать,scream
кругом,around
обойтись,do
луна,moon
богатый,rich
гостиница,hotel
беседа,conversation
твердый,solid
полк,regiment
выдать,betray
лапа,paw
воевать,fight
останавливаться,stop
никуда,nowhere
обладать,possess
продать,sell
спорить,argue
солнечный,sunny
забор,fence
больший,more
пост,post
полезть,climb
печальный,sad
выполнять,perform
требоваться,need
бледный,pale
умирать,die
шапка,cap
дойти,reach
успокоиться,calm down
университет,university
бабка,pastern
журналист,journalist
должность,post
приближаться,approach
истина,The truth
раствор,solution
газ,gas
позиция,position
летать,fly
неожиданный,unexpected
убивать,kill
появление,appearance
глухой,deaf
обыкновенный,ordinary
двинуться,move
решительно,resolutely
спуститься,Get down
крепко,firmly
песнь,canto
облако,cloud
морда,muzzle
записка,note
иностранный,foreign
незнакомый,unfamiliar
установить,install
забывать,forget
позвать,call
физический,physical
ус,moustache
помещение,room
испугаться,Scared
плащ,cloak
еле,hardly
темно,darkly
подъезд,approach
съесть,eat
прочесть,Read
следователь,investigator
двенадцать,twelve
задуматься,think
решать,decide
особенный,special
подарить,give
измениться,change
платок,kerchief
мощный,powerful
середина,middle
сумасшедший,mad
наверняка,That's for sure
здорово,great
напряжение,voltage
могила,grave
тоска,melancholy
приводить,adduce
удивляться,wonder
буквально,literally
борт,board
забрать,take away
грех,sin
несчастный,unhappy
строй,formation
занять,occupy
исследование,exploration
доказать,prove
буква,letter
реакция,reaction
варить,boil
мужской,male
резкий,sharp
пила,saw
литературный,literary
изменить,change
обезьяна,monkey
бригада,brigade
ловить,catch
остаток,remnant
стремиться,aspire
пункт,item
тянуться,stretch
локоть,elbow
обязанный,obliged
краска,paint
разница,difference
расстояние,distance
кружок,circle
пожилой,elderly
непонятный,incomprehensible
окончательно,finally
дон,don
заставлять,force
удивительный,amazing
страдать,suffer
седой,grizzled
политика,politics
поколение,generation
ожидание,waiting
записать,record
фонарь,lantern
куча,heap
полоса,stripe
страсть,passion
сержант,sergeant
святой,holy
повесть,story
шепот,whisper
теория,theory
интересовать,interest
чисто,purely
пояс,belt
близко,near
включить,turn on
поразить,hit
вокзал,station
вещество,substance
частный,private
корень,root
помолчать,be silent
столовый,table
ткань,cloth
открыться,open
поток,stream
вынужденный,constrained
полиция,The police
стыдный,shameful
база,base
слышно,audibly
строгий,strict
шинель,overcoat
блестящий,brilliant
выбор,choice
сведение,reduction
комиссия,commission
направить,send
палка,stick
запомнить,memorize
бороться,fight
везти,carry
колонна,column
лед,ice
замечательный,remarkable
надпись,inscription
одинокий,lonely
пиджак,coat
тарелка,plate
научиться,To learn
пища,food
назначить,assign
подруга,A friend
выбирать,choose
взрыв,explosion
сущность,essence
батарея,battery
техника,technique
пастух,shepherd
напомнить,remind
сомневаться,doubt
крыльцо,porch
радоваться,rejoice
покрыть,cover
глянуть,See
значительный,considerable
громкий,loud
захватить,capture
вождь,chieftain
восточный,oriental
приносить,bring
международный,international
необходимость,necessity
оттого,therefore
духовный,spiritual
голод,hunger
девица,damsel
временный,temporary
составить,compose
ровно,exactly
мечта,dream
кольцо,ring
ага,aha
дочка,daughter
королева,queen
картошка,potato
достоинство,dignity
медведь,bear
содержание,content
проект,project
костить,bones
согласный,consonant
покупать,buy
сперва,first
юный,young
любопытство,curiosity
создание,creation
паспорт,passport
двести,two hundred
коллега,colleague
девчонка,girl
луч,ray
стучать,knock
коммунист,communist
просьба,request
домик,lodge
полчаса,half-hour
железо,iron
отличие,difference
менять,change
мгновенно,instantly
пес,dog
разглядывать,view
горький,bitter
орудие,tool
специально,specially
сказка,fairy tale
закурить,light up
семейный,domestic
устать,get tired
прикрыть,cover
твердо,firmly
молодец,Good job
замолчать,Silenced
завести,start
прибыть,arrive
собрание,meeting
девять,nine
слон,elephant
подтвердить,confirm
глубоко,deeply
естественный,natural
юноша,youth
сойти,get off
поступать,enter
крутой,steep
валить,fell
объект,object
убитый,killed
сравнение,comparison
справа,right
благородный,noble
океан,ocean
поселок,Village
тайга,taiga
борода,beard
пачка,batch
надоесть,bore
привычка,habit
сумма,sum
вывести,deduce
прыгать,jump
создавать,create
грубый,rough
поездка,trip
убедиться,make sure
ненавидеть,hate
заявление,application
поражение,defeat
август,August
привычный,habitual
официальный,official
передний,front
север,north
шляпа,hat
изо,iso
молчание,silence
исчезать,disappear
эй,Hey
топор,axe
ощущать,feel
тащить,drag
брюки,trousers
соответствующий,appropriate
элемент,element
одеяло,blanket
мотор,motor
везде,everywhere
дружба,friendship
безопасность,security
скрывать,hide
совершить,make
крест,cross
земной,earthly
школьный,school
замереть,freeze
прозрачный,transparent
подавать,serve
истинный,true
кабина,cabin
пальто,coat
восторг,rapture
экономика,economics
забота,care
произвести,produce
дождаться,end
талант,talent
плыть,swim
запись,record
ведро,bucket
крестьянин,peasant
поворот,turn
подробность,detail
столб,post
канал,channel
пассажир,passenger
выполнить,fulfill
устройство,device
благодаря,thanks to
направиться,head
влияние,influence
ракета,rocket
гражданский,civil
шутить,Put on
смена,change
случаться,happen
спрятать,hide
предстоять,lie ahead
затылок,nape
юг,south
эпоха,epoch
товар,product
проклятый,cursed
ветка,branch
кормить,feed
продолжаться,last
разведчик,scout
отлично,It's cool
боже,gosh
молодость,youth
отдыхать,rest
октябрь,October
широко,widely
храм,temple
сдать,pass
шестой,sixth
жаловаться,complain
скала,rock
расчет,calculation
решиться,venture
грозный,fearsome
сделаться,become
обида,grievance
наступать,set in
скрыться,abscond
огород,vegetable garden
насколько,how much
запас,reserve
особенность,peculiarity
уезжать,To leave
заняться,Do
шар,ball
печка,stove
неприятный,unpleasant
могучий,mighty
заранее,beforehand
открытие,discovery
переходить,cross
орден,order
попадать,get
ботинок,boot
польза,use
печать,seal
пот,sweat
корпус,corps
склад,warehouse
компьютер,computer
слева,left
уважать,respect
женить,marry
рана,wound
ложиться,lie down
коробка,box
секрет,secret
седьмой,seventh
холм,hill
лесной,forest
ремень,belt
таков,such
произведение,product
цифра,figure
привет,Hello
телефонный,telephonic
помощник,assistant
полет,flight
пожар,fire
корова,cow
глупость,stupidity
расположить,arrange
посидеть,sit
налить,pour
симптом,symptom
сообразить,figure out
южный,southern
бумажка,Paper
радио,radio
торопливый,hurried
удаваться,succeed
ха,ha
профессия,profession
послышаться,Hear
ровный,even
старинный,ancient
разведка,reconnaissance
свидетель,witness
указать,indicate
халат,dressing gown
сегодняшний,Today
зимний,winter
тьма,darkness
повести,Story
холодно,It's cold
сообщение,Message
гроб,coffin
подхватить,catch
яма,pit
позади,behind
жест,gesture
устраивать,arrange
шоссе,highway
участвовать,participate
уважение,respect
цепь,chain
подвал,basement
некогда,once
сохранить,save
лампа,lamp
закрывать,shut
доля,part
неплохо,Not bad
смешной,funny
понадобиться,need
старушка,old woman
покачать,rock
выясниться,find out
уничтожить,destroy
отвести,avert
гриб,mushroom
бродить,wander
погода,weather
памятник,monument
жар,fever
валяться,wallow
кожаный,leather
механизм,mechanism
израиль,Israel
мирный,peaceful
потеря,loss
произносить,pronounce
контроль,control
профессиональный,professional
дверца,door
предупредить,forestall
добиться,achieve
норма,norm
ложка,spoon
зарплата,salary
веревка,rope
метода,method
исключение,exception
убрать,remove
волнение,excitement
вечно,eternally
смешно,That's funny
поддерживать,support
продавать,sell
нежный,tender
баня,bath
путем,By
повесить,hang
ужин,supper
март,March
оглядываться,look back
сигнал,signal
сыграть,play
библиотека,library
услать,send
махать,wave
цк,Cc
предполагать,suppose
заметно,noticeably
сеть,net
коричневый,brown
тщательно,thoroughly
нерв,nerve
вертолет,helicopter
сладкий,sweet
лекарство,medicine
рассчитывать,calculate
запретить,prohibit
кладбище,cemetery
переход,transition
сообщать,inform
функция,function
перебить,kill
пулемет,machine gun
металлический,metallic
батальон,battalion
грузовик,lorry
радостно,gladly
император,emperor
обидеться,take offence
башня,tower
сырой,raw
инструмент,tool
вынести,bear
мелочь,trifle
жесткий,hard
присутствие,presence
разбитый,broken
поглядывать,cast a glance
структура,structure
отозваться,answer
непонятно,Wonder
бесконечный,endless
ружье,gun
обрадоваться,Rejoice
участник,participant
попасться,get caught
задание,the task
пробормотать,Mumble
покинуть,Leave
перо,feather
сфера,sphere
судья,judge
жизненный,vital
кончить,Cum
листок,leaf
равный,equal
ужасный,horrible
отдых,relaxation
применять,apply
непременно,Be sure to
золото,gold
угроза,threat
доложить,Report
яблоко,apple
меняться,change
обратный,back
путешествие,journey
традиция,tradition
полезный,useful
франция,France
гнать,Drive
выяснить,to figure out
драться,fight
раненый,wounded
депутат,deputy
захотеться,Want
американец,American
производить,produce
нигде,Nowhere
знакомство,acquaintance
заснуть,fall asleep
свернуть,to curtail
задумчиво,thoughtfully
подозревать,suspect
скромный,modest
спускаться,to go down
следствие,consequence
медицинский,medical
договориться,reach an agreement
яйцо,egg
поступок,Act
преступник,criminal
проверять,check
присесть,sit down
звание,rank
дрова,firewood
удобный,convenient
аккуратно,neatly
подушка,pillow
бег,run
тетка,aunt
пропустить,skip
высоко,high
дивизия,division
коньяк,cognac
др,etc.
распахнуть,open
исключительно,exclusively
мягко,soft
горизонт,horizon
китайский,Chinese
ползти,crawl
выбраться,Get out
мрачный,gloomy
деталь,detail
контакт,contact
жук,beetle
шеф,chef
петербург,Petersburg
правильный,right
погодить,wait
новость,news
утренний,morning
гений,genius
передача,broadcast
редакция,editors
опуститься,descend
декабрь,December
публика,public
колхоз,collective farm
свадьба,wedding
лук,onion
городок,town
немало,A lot
бандит,bandit
москвич,Moskvich
лаборатория,laboratory
прекратить,stop
согласно,according to
справиться,deal
молодежь,the youth
ноябрь,november
строительство,building
прислушиваться,listen
пакет,plastic bag
пенсия,pension
постараться,Try
ценность,value
заяц,hare
сэр,sir
желудок,stomach
слабость,weakness
танец,dance
изучать,study
удивительно,marvelous
пилить,to saw
князь,Prince
партийный,party
бомба,bomb
воин,warrior
подписать,subscribe
стрелок,shooter
посылать,send
комитет,Committee
карточка,card
итог,result
девка,Girl
воображение,imagination
душевный,Soul
плотный,dense
танцевать,dance
склон,slope
действительность,reality
объяснение,explanation
серебряный,silver
коротко,short
подобрать,Pick up
незаметно,imperceptibly
осветить,illuminate
дешевый,cheap
многочисленный,numerous
степь,steppe
стеклянный,glass
вор,thief
внук,grandson
голодный,hungry
винтовка,rifle
лев,a lion
тяжесть,severity
приобрести,purchase
оборона,defense
ужасно,terrible
огонек,light
поинтересоваться,To ask
вечерний,evening
заорать,yell
трогать,touch
задержать,detain
подбородок,the chin
стиль,style
вещий,prophetic
редактор,editor
потребовать,Require
щель,The gap
вслух,aloud
блестеть,shine
противоположный,opposite
давление,pressure
коммунистический,communist
режиссер,producer
значительно,much
дар,gift
метро,Metro
шанс,chance
конкретный,specific
наблюдение,Observation
май,May
усесться,sit down
сиять,shine
туча,cloud
стоящий,standing
вырваться,to break out
отвернуться,Turn away
дума,thought
закончиться,end
клиент,client
двигатель,engine
сентябрь,September
дежурный,duty
бормотать,Mumble
завтрак,breakfast
состояться,take place
рыбак,fisherman
взвод,platoon
особо,Especially
поправить,Correct
альбом,album
болото,swamp
ответственность,a responsibility
ощутить,Feel
беспокоиться,worry
пламя,flame
задавать,set
выдавать,give out
полететь,fly
художественный,art
отдохнуть,relax
снаряд,shell
ярко,Bright
марка,Mark
заместитель,deputy
папка,folder
отказываться,refuse
концерт,concert
творческий,creative
разум,intelligence
волшебный,magic
мк,MK
пояснить,Explain
активный,active
услуга,service
белье,Lingerie
прощать,forgive
благо,good
ангел,angel
шуметь,make noise
одинаковый,same
толь,only
мина,mine
модель,model
массовый,mass
разрешение,permission
наличие,Availability
доноситься,come
этап,stage
описать,Describe
невольно,involuntarily
козел,goat
возвращение,return
класть,Put
шагать,step
идиот,idiot
ненависть,hatred
жалкий,Miserable
победить,win
плавать,to swim
летчик,pilot
лекция,lecture
смелый,brave
случайный,random
каков,what
печь,bake
разобрать,disassemble
государь,Sovereign
замуж,Marry
верх,top
изображение,image
моряк,sailor
речка,river
республика,republic
гордость,pride
бревно,log
невеста,bride
потянуться,stretch
кривой,crooked
посреди,in the middle
предположить,assume
вчерашний,Yesterday
прибор,device
кандидат,candidate
портфель,briefcase
доставить,deliver
ошибиться,To make a mistake
разбудить,to wake
невидимый,invisible
виза,visa
гибель,death
прятать,hide
карьера,career
водить,drive
малыш,baby
пробовать,try
заплатить,pay
назначение,appointment
гвоздь,nail
кафе,cafe
убийца,killer
неведомый,Unknown
японский,Japanese
обязанность,duty
отель,hotel
обнять,to embrace
допустимый,permissible
заглядывать,look
подготовка,preparation
последствие,consequence
красавица,gorgeous
ковер,carpet
выбросить,throw away
анализ,analysis
устроиться,get a job
собственность,own
оценить,estimate
немножко,A little
хлопнуть,clap
родить,Give birth
уставиться,Start
отечественный,domestic
снизу,from below
прокурор,Prosecutor
карандаш,pencil
принц,prince
слышаться,To be heard
лидер,leader
представляться,introduce themselves
спирт,alcohol
обеспечить,Provide
бизнес,business
иностранец,foreigner
биться,beat
достигнуть,achieve
выпускать,release
поп,pop
койка,Koika
приготовить,Prepare
жестокий,cruel
руль,steering wheel
требование,requirement
сволочь,Bastard
развиваться,develop
увы,Alas
меж,between
пожалеть,Pity
вызов,call
спутник,satellite
обойти,Go around
оторвать,Tear off
отчаяние,despair
применение,Application
заключаться,Come on
организовать,organize
мука,flour
приглашать,invite
распоряжение,Order
еврейский,Jewish
галстук,tie
поддержать,support
сбить,to knock down
заработать,Earn
госпиталь,hospital
течь,flow
материальный,material
училище,school
последовать,follow
отличный,a great
стук,Knock
гигантский,giant
скандал,scandal
ледяной,ice
отпуск,vacation
полагаться,rely
доставать,Get out
продолжить,continue
суровый,severe
рукопись,manuscript
дура,stupid
полицейский,policeman
кадр,frame
сиденье,seat
ныне,now
указывать,indicate
экспедиция,expedition
спичка,match
сложиться,Stand up
таинственный,mysterious
брак,marriage
посуда,tableware
снежный,snow
горный,mountain
справедливость,justice
лопата,shovel
набрать,Dial
кнопка,button
предпочитать,prefer
необыкновенный,unusual
научить,teach
мистер,Mister
дорожка,track
проявление,manifestation
такси,Taxi
внутрь,inside
ловко,Clever
хрен,horseradish
владелец,owner
свинья,pig
плод,fetus
интересоваться,Interested in
расстрелять,shoot
побывать,visit
вовремя,in time
заплакать,Cry
окружить,surround
заседание,meeting
патрон,cartridge
охотно,willingly
раскрыть,to uncover
надел,allotment
агент,agent
супруг,spouse
январь,January
соль,salt
роза,the Rose
развести,Dilute
опытный,experienced
комиссар,Commissioner
свидание,date
воздушный,air
вооруженный,armed
негромко,quietly
питание,nutrition
неловко,awkward
деловой,business
кролик,rabbit
шкура,skin
политик,politician
грохот,bolt
переживать,worry
финансовый,financial
украсть,steal
слыхать,Hear
неприятность,trouble
достойный,worthy
шестьдесят,sixty
электрический,electric
успевать,be on time
пережить,been through
контора,office
русски,Russian
возражать,mind
суп,soup
европейский,European
палата,ward
сплошной,solid
мода,fashion
кусочек,slice
понятный,Clear
старичок,Old man
потянуть,pull
сорвать,to disrupt
июнь,June
порт,port
комплекс,complex
спортивный,sports
поддержка,support
блеск,shine
уснуть,fall asleep
потребность,need
лента,ribbon
громадный,huge
сопровождать,to accompany
открываться,open
бочок,barrel
музыкант,musician
договор,Treaty
поход,campaign
подготовить,prepare
мастерская,workshop
защищать,protect
происхождение,origin
спора,spore
ломать,break
пушок,Fluff
рубаха,shirt
оболочка,Shell
нормально,fine
вступить,join
недалеко,near
выставить,put up
прижать,press
препарат,a drug
передавать,transmit
догадываться,guess
заметный,perceptible
недостаток,flaw
министерство,ministry
выступить,perform
отрезать,cut off
искра,spark
дурной,bad
трус,coward
заключение,conclusion
экзамен,exam
скамейка,bench
хохотать,laugh
охотник,hunter
разглядеть,make out
пустыня,desert
разбираться,Understand
понимание,understanding
дважды,twice
пресса,press
молния,lightning
воспользоваться,take advantage
психический,mental
достаться,Get it
сахар,sugar
реальность,reality
одиночество,loneliness
социализм,socialism
судно,vessel
туалет,toilet
окружающее,surrounding
якобы,supposedly
атмосфера,atmosphere
удача,luck
бросаться,rush up
оценка,grade
волга,Volga
пароход,steamer
служебный,service
вне,outside
остановка,stop
рыцарь,knight
академик,academician
пустота,emptiness
копейка,penny
версия,version
ножка,leg
деревенский,rustic
аккумулятор,battery
исключить,Exclude
провожать,Spend
собеседник,companion
триста,three hundred
прошептать,whisper
плоский,flat
зритель,viewer
нынче,Today
осмотреть,inspect
характерный,characteristic
вздрогнуть,start
старость,old age
цивилизация,civilization
посвятить,dedicate
перенести,postpone
драка,fight
лифт,elevator
тряпка,rag
колбаса,sausage
прервать,interrupt
отчет,report
каша,porridge
освободить,Free
дьявол,devil
сарай,barn
использование,usage
творчество,creation
неторопливый,leisurely
проход,passage
чечня,Chechnya
воробей,sparrow
учесть,take into account
походить,walk
относительно,relatively
подвести,Support
рваться,to break
мышца,muscle
жирный,fatty
дожидаться,Wait
рассвет,dawn
всерьез,seriously
кивать,nod
коммунизм,communism
сбежать,run away
глоток,a sip
доказательство,proof
ввести,Introduce
крайне,Extremely
нация,nation
сердито,angrily
узел,Knot
грустно,sad
зависимость,addiction
груз,cargo
империя,empire
определять,Determine
комбат,Combat
величина,value
крышка,lid
воздействие,impact
допустить,allow
сбросить,reset
кирпич,brick
полюбить,To love
глазок,Eye
содержать,contain
турист,tourist
де,de
обмен,exchange
всеобщий,general
перевод,translation
четверо,four
стрела,arrow
уголок,corner
лишенный,deprived
превращаться,turn
лавка,shop
ласково,Affectionate
поцеловать,kiss
блюдо,dish
арестовать,to arrest
оглядеть,look around
ток,current
славный,glorious
окоп,trench
демократия,democracy
рвать,tear
шевелиться,stir
свойство,property
рухнуть,collapse
посторонний,outsider
кончаться,finish
успокоить,Calm
рассуждать,reason
секретный,secret
приключение,adventure
искусственный,artificial
получение,Obtaining
ступенька,step
поза,pose
постучать,knock
штат,state
выборы,elections
носок,sock
сосна,pine
олень,deer
сидя,Sitting
доказывать,prove
перемена,turn
вытянуть,pull out
бригадир,Brigadier
впоследствии,Subsequently
уверенность,confidence
сложить,Fold
акция,promotion
чрезвычайно,extremely
ранить,wound
половый,sexual
засыпать,fall asleep
доходить,Come
космический,space
жених,groom
неподалеку,nearby
командовать,command
китай,China
сломать,break
орел,eagle
сорваться,Break
развернуть,expand
дневник,diary
музыкальный,musical
суббота,Saturday
повышение,Increase
гимнастерка,tunic
грозить,threaten
обмануть,deceive
статус,status
посоветовать,give advice
папироса,cigarette
разойтись,Dismiss
восьмой,eighth
убежать,run away
культурный,cultural
воскресенье,Sunday
собачий,canine
сохраниться,Save
помешать,interfere
проводник,conductor
рюмка,glass
свеча,candle
рассмеяться,laugh
красиво,Beautiful
светиться,shine
белок,protein
поначалу,At first
вдвоем,together
помимо,In addition
вспыхнуть,Freeze
решетка,lattice
фактор,factor
слепой,blind
целовать,kiss
отказ,refusal
волшебник,wizard
изредка,occasionally
нажать,press
заказать,to order
соответствовать,correspond
решаться,decide
болтать,chat
указание,Indication
доклад,report
нестись,rush
прочь,away
страдание,suffering
окончание,ending
строка,line
тротуар,sidewalk
конфликт,conflict
справка,reference
мебель,furniture
вежливо,politely
ноготь,nail
отнюдь,by no means
химический,chemical
сосуд,vessel
корея,Korea
трудовой,labor
явный,Explicit
владеть,own
достижение,achievement
дополнительный,additional
константин,Konstantin
асфальт,asphalt
заменить,replace
челюсть,jaw
подвиг,feat
колдун,witch
наряд,outfit
кончать,finish
письменный,writing
соображать,Complete
соглашаться,agree
скрытый,hidden
рисунок,picture
прятаться,hide
плюс,plus
попадаться,getting caught
частность,particular
жалость,a pity
транспорт,transport
наказание,punishment
изображать,portray
выражать,to express
образоваться,form
способствовать,contribute
съезд,Congress
заложить,lay
семьдесят,seventy
исходить,come
накануне,The day before
окончить,Finish
отчетливо,Clearly
рамка,frame
акт,Act
посетитель,visitor
долина,valley
невероятный,incredible
влажный,wet
вылезть,Get out
выпасть,fall out
божий,God
социалистический,socialist
обсуждать,discuss
очнуться,wake up
рисковать,to risk
выступление,performance
гордиться,be proud
загадочный,mysterious
издание,edition
выразить,express
окружающий,surrounding
чашка,cup
соображение,consideration
жир,fat
миновать,Min
намерение,intention
жаркий,hot
спасать,save
ванный,Bath
ложь,False
отходить,to depart
кузнец,blacksmith
балкон,balcony
запереть,lock
полевой,field
жарко,hot
допрос,Interrogation
подходящий,suitable
спектакль,performance
предупреждать,warn
длительный,long
почва,the soil
легенда,legend
отыскать,Find it
оборачиваться,turn around
срочно,urgently
малейший,The slightest
жидкость,liquid
приемный,Reception
охватить,Cover
благодарить,thank
вздыхать,sigh
блок,block
усталость,fatigue
рисовать,draw
беседовать,Talk
надеть,put on
небось,I suppose
поспешно,Hastily
заключить,to conclude
надежный,reliable
нужда,need
окошко,window
гудеть,buzz
сюжет,plot
приличный,decent
генеральный,general
угадать,guess
хитрый,cunning
осколок,the Shard
кинуться,rush
дурацкий,Stupid
сок,juice
будущий,future
испытать,Test
усталый,tired
кремль,Kremlin
мышка,mouse
эффект,the effect
пещера,cave
покраснеть,Brush
зад,ass
возиться,Back
хранить,keep
небесный,heavenly
сменить,change
приподнять,Raise
шагнуть,step
разрыв,gap
цех,shop
браться,take up
задумываться,To think
подоконник,windowsill
великолепный,fabulous
тыл,rear
металл,metal
отсутствовать,absent
фонд,fund
догнать,catch up
майка,T -shirt
испуганно,Frightened
полгода,Six months
ночевать,Open
выехать,Go away
рай,paradise
корреспондент,correspondent
схема,scheme
четверть,quarter
ерунда,nonsense
жевать,chew
несчастье,misfortune
радостный,glad
окружение,environment
учительница,Teacher
давний,A longtime
предок,ancestor
кислота,acid
пропадать,disappear
солдатский,Soldier
напрасно,In vain
просыпаться,wake up
анекдот,joke
подпись,signature
гнев,anger
общежитие,hostel
рог,horn
штурман,navigator
физика,physics
резать,cut
тронуть,touch
десятый,tenth
чудесный,wonderful
виднеться,You can see
стоя,Standing
совместный,joint
змея,snake
некуда,Nowhere
монах,monk
осенний,autumn
промышленность,industry
картинка,picture
тихонько,Quietly
ручей,Creek
общение,communication
советовать,advise
соседка,neighbor
ветвь,branch
свалиться,fall off
проявить,show
сметь,dare
переулок,Lane
неправильный,wrong
поделать,To do
толкнуть,push
аж,already
стальной,steel
лечить,treat
подъем,climb
ругаться,swear
издательство,Publisher
сопротивление,resistance
раздражение,irritation
уложить,Put
сочинение,essay
наверх,upstairs
завидовать,to envy
треск,Crack
уголь,coal
хлопать,clap
вытереть,wipe it
масштаб,scale
заслужить,earn
стойка,rack
довести,Bring
нападение,attack
плита,plate
пляж,beach
трястись,shake
подросток,teenager
присутствовать,to be present
спальня,bedroom
экипаж,crew
слуга,servant
лампочка,bulb
скучно,boring
тупой,stupid
поцелуй,kiss
уважаемый,dear
туфля,shoe
вырвать,Tear out
пуговица,button
шампанский,Champagne
мелькнуть,flicker
благодарность,gratitude
череп,scull
перспектива,Perspective
последующий,subsequent
наклониться,bend down
стесняться,hesitate
дружок,Friend
превратить,turn
обижаться,take offense
накрыть,Cover
таскать,carry
вставить,insert
гад,bastard
застыть,freeze
пьеса,play
примета,Sign
залить,Pour
разумный,reasonable
сено,hay
нередко,Often
мчаться,rush
недовольный,dissatisfied
внезапный,sudden
игрушка,toy
стоимость,price
учреждение,institution
воротник,collar
сжечь,burn
опасаться,fear
спинка,back
проверка,examination
курсант,Cadet
уход,care
удержаться,keep
подослать,send
эксперимент,experiment
барин,Barin
пообещать,make a promise
англия,England
заболеть,get sick
потрясти,Shock
падение,the fall
девятый,ninth
поворачиваться,turn
петух,rooster
записывать,write down
любитель,amateur
щелкнуть,Click
медный,copper
наверху,upstairs
точность,accuracy
чеченец,Chechen
ценный,valuable
глупо,Stupid
передовой,advanced
тесный,close
исполнение,execution
хронический,chronic
стремление,pursuit
наполнить,Fill
неподвижный,fixed
четко,Clearly
проехать,drive
отобрать,Take away
вина,guilt
ведьма,witch
подлинный,authentic
адвокат,advocate
апрель,April
бюджет,budget
боцман,boatswain
разрушить,Destroy
барак,Barak
алый,scarlet
архив,archive
выслушать,listen
цветной,color
прыгнуть,jump
палуба,deck
кровавый,bloody
вольный,free
доверять,trust
юность,youth
сбор,collection
базар,Bazaar
нарушить,violate
готовность,readiness
рубеж,line
искренне,sincerely
ай,ay
прибыль,profit
передо,in front
дескать,Say
интеллигенция,intelligentsia
почта,mail
сдавать,hand over
монастырь,monastery
практика,practice
тратить,spend
ярость,rage
совершать,make
нарисовать,Draw
сниться,dream
академия,Academy
грустный,sad
физиономия,face
струя,jet
столичный,metropolitan
подземный,underground
головной,head
попалить,Pour
переставать,stop
теща,mother -in -law
пришелец,Alien
гнома,gnome
конверт,the envelope
процедура,procedure
понести,to incur
нуждаться,need
лужа,puddle
выпилить,Drink
необычный,unusual
сердиться,be angry
юбка,skirt
звон,Calling
соединить,connect
люк,Luke
ошибаться,To make mistakes
нехорошо,not good
недавний,recent
аэропорт,an airport
задать,Set
наблюдаться,to be observed
подполковник,lieutenant colonel
растеряться,be confused
промолчать,keep silent
выражаться,express
богатство,wealth
мудрый,wise
налог,tax
всюду,everywhere
минимум,minimum
издали,from afar
ад,hell
полотенце,towel
воспаление,inflammation
наслаждение,pleasure
продажа,sale
фашист,fascist
колючий,barbed
выиграть,win
полость,cavity
проволока,wire
удивить,Surprise
флот,fleet
уверенно,Confidently
маска,mask
включать,include
удивленно,In surprise
атака,attack
согласие,agreement
клясться,to swear
раскрытый,disclosed
пожелать,wish
приниматься,Accept
приложить,attach
реформа,reform
кинуть,throw
оперативный,operational
жрать,Eat
техник,technician
дошлый,Divine
надолго,For a long time
оторваться,Turn away
охранник,security guard
пугать,frighten
установка,installation
сверкать,sparkle
расход,consumption
неприятно,Unpleasant
забытый,forgotten
поесть,Eat
зависть,envy
барон,Baron
талантливый,talented
отправляться,Go
несомненно,Undoubtedly
изобразить,depict
бред,rave
нарочно,deliberately
прихожая,hallway
комендант,commandant
рослый,tall
высказать,express
мутный,turbid
кисть,brush
цирк,circus
квартал,quarter
нелепый,Absolutely
пешком,on foot
жуткий,Terrible
жилье,Housing
приступ,attack
предыдущий,previous
спалить,burn
политбюро,Politburo
спасение,the rescue
моральный,moral
определение,definition
образец,sample
одиннадцать,eleven
здешний,local
фантазия,fantasy
спорт,sport
вначале,at first
гладкий,smooth
июль,July
шептать,whisper
телеграмма,telegram
напиток,drink
торговля,trade
юмор,humor
испортить,spoil
молчаливый,silent
следовательно,Consequently
отъезд,departure
чтение,reading
мучить,torture
надевать,put on
сумерки,twilight
царский,royal
вылететь,fly out
овраг,ravine
недолго,not for long
видеться,see
свободно,free
охранять,protect
авиация,aviation
берлин,Berlin
этакий,sort of
облегчение,relief
скрываться,hide
весенний,spring
влезть,climb
трясти,shake
рядовой,Private
приблизиться,get closer
дыра,hole
настаивать,insist
оркестр,orchestra
визит,visit
большевик,Bolshevik
сибирь,Siberia
старательный,diligent
напряженный,tense
машинка,Machine
термин,term
интервью,interview
выжить,survive
гордый,proud
покидать,leave
приезд,arrival
табак,tobacco
переговоры,negotiation
гараж,garage
книжный,book
сталкер,Stalker
неудобно,Unknown
сельский,rural
протягивать,Extend
торговать,trade
классический,classical
отстать,Lack
слизистый,slimy
осторожный,careful
исполнить,Perform
таковой,such
слышный,audible
кризис,a crisis
набитый,full
ответственный,responsible
подобно,like
совещание,Meeting
раздаваться,Rettle
мучиться,to suffer
риск,risk
мыло,soap
забросить,abandon
счесть,Submission
котелок,Kotelik
повышенный,increased
ремонт,repair
авторитет,authority
провод,the wire
использоваться,used
извиняться,apologize
представиться,introduce yourself
англичанин,Englishman
уверять,assure
наступление,offensive
объем,volume
отнять,take away
рев,roar
щит,shield
стадо,herd
растерянно,Confused
некого,No one
прогулка,stroll
натура,nature
фуражка,cap
рассмотреть,Consider
учитывать,consider
признание,confession
демократический,democratic
окраина,outskirts
греметь,thunder
оглядеться,look around
гениальный,Brilline
пыльный,dusty
маг,magician
ступать,to step
сгореть,burn
плотно,tightly
обращение,Appeal
командировка,business trip
подозрение,suspicion
ген,gene
погаснуть,Turn off
торговый,trade
злость,anger
пузырь,bubble
испытание,trial
нанести,Apply
прохожий,Passerby
прыжок,bounce
вена,vein
вытирать,wipe
включая,including
неподвижно,still
осознать,realize
пройтись,Go
обидно,It's a shame
палочка,wand
ленинградский,Leningradsky
годиться,suit
мысленно,mentally
кгб,KGB
заполнить,fill in
взор,gaze
раздражать,annoy
нары,Nary
катастрофа,catastrophe
коллектив,team
новенький,new
хор,choir
отказать,Refuse
отложить,postpone
свести,Remove
зарабатывать,earn
рвануть,Rush
заказ,order
максимальный,maximum
железнодорожный,railway
свидетельство,certificate
казенный,state -owned
отмечать,note
поклониться,bow
докладывать,report
отнести,Take it
фактически,actually
привязать,Bind
положительный,positive
трагедия,tragedy
наружу,out
ткнуть,poke
деятель,The figure
прогресс,progress
зажать,Squeeze
реклама,advertising
бокал,wineglass
кран,tap
проспект,avenue
калитка,gate
увеличение,increase
братец,Brother
маршрут,route
шуба,fur coat
дернуть,pull
энергичный,vigorous
возить,carry
продолжение,continuation
безнадежный,hopeless
размышлять,reflect
арест,arrest
катиться,roll
китаец,Chinese
капитал,capital
космос,space
налево,left
разбить,Break
абсолютный,absolute
непосредственно,directly
обидеть,offend
коснуться,touch
италия,Italy
заключенный,prisoner
описание,description
выделить,Highlight
помереть,Mind
смертный,mortal
ругать,to scold
замысел,The idea
хутор,Farm
матрос,sailor
полдень,noon
сынок,son
беспокоить,bother
восстановить,restore
выставка,Exhibition
ноль,zero
достигать,achieve
кишка,intestine
величество,Majesty
зерно,corn
цепочка,chain
монета,coin
волновать,worry
отчаянный,desperate
протокол,protocol
идеал,ideal
перчатка,glove
село,village
задержаться,linger
нетерпеливый,impatient
стукнуть,hit
сердечный,cordial
ранее,previously
рожа,erysipelas
дата,the date
зелень,greens
подчеркнуть,emphasize
ежели,If
набирать,To recruit
разделить,divide
каюта,cabin
февраль,February
происшествие,incident
исполнять,Perform
категория,category
плюнуть,spit
придавать,give
трамвай,tram
любопытный,curious
извлечь,extract
светло,Light
набережная,embankment
телевидение,a television
продукция,Products
выгнать,drive out
маршал,Marshal
приступить,To begin
интеллигент,intellectual
фабрика,factory
делиться,share
показание,indication
выносить,take out
небрежно,Carelessly
безусловно,undoubtedly
пустяк,trifle
разноцветный,multi -colored
прилететь,fly in
растение,plant
гул,hum
вступать,enter
стройный,slim
одеваться,dress
ценить,value
стыд,shame
бюро,the Bureau
завернуть,Wrap
воспринимать,perceive
дока,Doc
избавиться,Get rid
германский,German
унести,Take away
зажечь,light
квадратный,square
советник,Advisor
башмак,shoe
жажда,thirst
популярный,popular
преимущество,advantage
направо,right
лет,years
проза,prose
имущество,property
премия,Prize
влюбленный,enamored
казарма,barracks
поверх,on top
привлечь,attract
внешность,appearance
приход,coming
очутиться,Come in
чудовищный,monstrous
ставка,bid
уголовный,criminal
прощаться,saying goodbye
провалиться,fail
располагаться,Locate
рис,rice
манера,manner
мелькать,flicker
обычай,custom
перевернуть,Turn over
пасть,mouth
медаль,medal
крутиться,spin
биография,biography
украина,Ukraine
лондон,London
крохотный,tiny
тетрадь,notebook
стремительно,Swiftly
обедать,lunch
нарушать,violate
велосипед,bike
колодец,well
противный,nasty
кончик,tip
ванна,bath
густо,thick
жалоба,a complaint
традиционный,traditional
благодарный,grateful
убедить,convince
стрельба,shooting
холодильник,refrigerator
бешеный,Frantic
исход,Exodus
ласковый,Affectionate
воспитание,upbringing
награда,reward
печень,liver
развернуться,turn around
типичный,typical
часовой,hourly
стихотворение,poem
характеристика,characteristic
торжественно,solemnly
огненный,fiery
повязка,bandage
праздничный,festive
учет,Accounting
крепость,fortress
проявлять,show
качать,sway
добыча,Premotion
трудность,difficulty
просторный,spacious
отступать,retreat
соответственно,respectively
умение,skill
завалить,Fill out
внести,Bring
упереться,To rest
застать,Five
постоялый,Constant
перерыв,break
губернатор,Governor
славка,Slavka
опускаться,To fall
доверие,the trust
подряд,contract
фантастический,fantastic
темнеть,Darkered
яд,poison
гостиный,Gostiny
доход,income
оказать,Provide
роскошный,luxurious
мак,poppy
инструкция,Instructions
ир,Ir
спокойствие,Calm
недоумение,perplexity
психологический,psychological
хоббит,Hobbit
бинокль,binoculars
лысый,bald
вглядываться,peer
килограмм,kilogram
печально,sadly
революционный,revolutionary
меньший,less
двойной,double
марш,march
вселенная,Universe
прибавить,add
тварь,creature
чайник,teapot
лыжа,ski
спустить,lower
беспокойство,anxiety
опубликовать,Publish
отпускать,let off
намек,hint
пробить,to break through
воровать,steal
плач,cry
тревожный,Anxious
природный,natural
трактор,tractor
отдельно,separately
допускать,admit
рассчитать,Calculate
таять,melt
возмутиться,outraged
модный,fashionable
задыхаться,Choking
расстаться,breake down
покончить,to end
гитара,guitar
замечание,comment
совершенный,perfect
проводиться,carried out
корточки,Carpet
раб,slave
заведение,institution
знамя,banner
бедро,hip
вспышка,flash
фрукт,fruit
скрыть,Hide
мотоцикл,motorcycle
невысокий,low
мероприятие,event
чин,Chin
действующий,acting
администрация,administration
опоздать,late
пожарный,fireman
перехватить,intercept
петля,the loop
неопределенный,uncertain
ненужный,unnecessary
простыня,sheet
витрина,Shine
аппетит,appetite
потихоньку,Slowly
успокаивать,calm down
обеспечивать,provide
уточнить,clarify
опасно,dangerously
ресница,eyelash
обрести,find
погладить,stroke
критика,criticism
чертовый,Damn
шпион,spy
дуб,oak
лениво,lazily
свист,whistling
технология,technology
дремать,nap
возбудить,excite
столетие,century
болезненный,painful
крутить,Twist
партизан,Partisan
выходной,day off
неуверенный,uncertain
защитить,protect
применяться,Applied
симпатичный,cute
незнакомец,stranger
младенец,baby
облик,appearance
эпизод,episode
подчиненный,subordinate
желающий,Desiring
весло,paddle
преподаватель,teacher
пошло,It went
мусор,rubbish
выключить,turn off
рекомендовать,recommend
нравственный,moral
племя,tribe
расстегнуть,Unflap
оказывать,render
подход,an approach
прижимать,press
выстрелить,Fire
снижение,decrease
звенеть,ring
луг,meadow
ржавый,rusty
заодно,At the same time
як,Yak
сжать,Squeeze
тоня,Tonya
подмигнуть,wink
том,volume
диск,disk
реветь,roar
прозвучать,sound
нежно,gently
прижаться,snuggle up
управлять,to govern
загадка,mystery
сего,this
дуть,blow
пациент,a patient
покоситься,rush
стонать,moan
хата,hut
суета,bustle
дрогнуть,tremble
оттенок,shade
пребывание,residence
любоваться,admire
гусь,goose
решительный,decisive
улететь,fly away
бессмертный,immortal
перебирать,sort out
бензин,petrol
занести,bring down
инвалид,disabled person
зловещий,sinister
убежденный,convinced
роса,dew
крючок,hook
косой,Spit
нервно,nervously
сочинять,compose
вероника,veronica
резиновый,rubber
вопль,cry
вложить,invest
плевать,spit
сложенный,folded
купаться,bathe
боевик,Action
поди,Go
очаг,hearth
пленный,captive
ребятишки,Children
уловить,catch
проникнуть,penetrate
уцелеть,survive
заговор,CONSPIRACY
сдаваться,give up
елка,Christmas tree
сдвинуть,move
гром,thunder
медленный,slow
порыв,impulse
переводить,transfer
вцепиться,cling
обман,deception
подробно,Details
противоречие,contradiction
нефть,oil
медицина,the medicine
сбоку,from the side
полно,Full
напечатать,type
руководить,lead
видный,prominent
нисколько,Not at all
землянка,dugout
француз,Frenchman
откровенно,Frankly
донестись,come on
нуль,zero
соответствие,correspondence
разнообразный,various
практический,practical
капуста,cabbage
неплохой,Not bad
вкусный,tasty
бесплатно,is free
верховный,supreme
выбить,knock out
повиснуть,hang
мрак,darkness
осведомиться,Inverse
окружать,surround
сук,bitches
травма,injury
законный,law
предоставить,provide
интеллигентный,Intelligent
отражение,reflection
котел,boiler
самостоятельный,independent
изумление,amazement
длина,length
похороны,funeral
обширный,extensive
ресурс,resource
сценарий,scenario
свидетельствовать,testify
пропаганда,propaganda
смертельный,fatal
вытаскивать,pull out
официант,waiter
обвинение,Accusation
мэр,mayor
школьник,schoolboy
нквд,NKVD
беречь,Protect
молиться,pray
рюкзак,backpack
проявляться,manifest
сталинский,Stalin
покупка,purchase
осел,donkey
описывать,describe
баран,ram
безумный,insane
ведать,Lead
япония,Japan
пустынный,deserted
специальность,speciality
походка,gait
увезти,Take away
приветствовать,to greet
оборот,turnover
бульвар,boulevard
скамья,bench
презрительный,contemptuous
буфет,buffet
итальянский,Italian
бумажный,paper
опираться,rely
серия,series
неожиданность,surprise
купол,dome
наказать,punish
развитый,developed
копия,copy
научно,scientific
тропинка,path
рама,frame
упомянуть,mention
вздрагивать,shudder
расположение,location
приглашение,invitation
башка,Bashka
горько,bitterly
буря,storm
пионер,pioneer
сухо,dry
неясный,unclear
философия,philosophy
шерсть,wool
приговор,sentence
двадцатый,twentieth
фюрер,Führer
ягода,berry
ограда,fence
низко,low
восемьдесят,eighty
выделяться,stand out
фокус,focus
тонна,ton
материя,matter
поперек,across
мышь,mouse
скрипеть,creak
кушать,eat
нищий,beggar
невозможный,impossible
общаться,communicate
побег,the escape
лунный,lunar
учение,Teaching
солидный,solid
шестнадцать,sixteen
чувствоваться,feel
тьфу,Ugh
почитать,Read
размышление,Reflection
одинаково,the same
ступень,Step
расставить,arrange
мадам,Madame
мирно,peaceful
зрелище,Spectacle
досада,annoyance
трасса,The track
направляться,go
учебный,training
существующий,existing
идеальный,ideal
жидкий,liquid
буркнуть,Broke
столкнуться,collide
учебник,textbook
идеология,ideology
уговаривать,persuade
комсомольский,Komsomol
подозрительный,suspicious
прикрывать,cover
смесь,mixture
электронный,electronic
различать,to distinguish
граната,grenade
беспомощный,helpless
упор,Emphasis
обходить,Go around
котенок,kitten
эффективный,effective
ежедневно,daily
очевидный,evident
наивный,naive
порошок,powder
поворачивать,turn
утратить,Lost
польский,Polish
кол,stake
оранжевый,Orange
интеллектуальный,intellectual
голубчик,Dove
удержать,keep
промышленный,industrial
седло,saddle
склониться,bending
формула,formula
отступить,retreat
эмоция,emotion
тройка,troika
посольство,embassy
длиться,last
вздох,sigh
командование,command
эмоциональный,emotional
окурок,a cigarette butt
непосредственный,direct
лагерный,camp
сонный,sleepy
переспросить,Questioning
мяч,ball
швырнуть,Throw
философ,philosopher
вмешаться,intervene
отрицательный,negative
расстройство,disorder
деться,Fuck
аэродром,aerodrome
закат,sunset
добиваться,achieve
грубо,rough
напиться,get drunk
лопнуть,burst
дерьмо,shit
разряд,discharge
головка,head
свойственный,characteristic
упустить,miss
подъехать,drive up
объявление,announcement
десятилетие,decade
каблук,heel
бурный,stormy
слушаться,listen
пропускать,miss
равнодушно,indifferent
своеобразный,peculiar
выполнение,performance
забирать,take away
пейзаж,landscape
реагировать,to react
поэзия,poetry
гладить,iron
терпение,patience
порода,breed
занавеска,curtain
отвезти,Take away
корзина,basket
огурец,cucumber
корейский,Korean
пацан,The kid
обманывать,deceive
кузов,body
уронить,drop
партнер,partner
религиозный,religious
вой,howl
шлем,helmet
шепнуть,whisper
выраженный,expressed
обреченный,doomed
конференция,the conference
продавец,salesman
гнездо,nest
казак,Cossack
доза,dose
вылезать,get out
приоткрыть,open
одиночка,Loner
пленка,film
пруд,pond
добыть,Get
давить,press
рождаться,Give birth
повсюду,everywhere
сохранять,keep
простор,Spacious
чепуха,nonsense
блокнот,notebook
лозунг,slogan
неудача,failure
покойник,Deceased
веко,eyelid
эстония,Estonia
вправо,to the right
сезон,season
кузьмич,Kuzmich
основать,Found
крошечный,tiny
замерзнуть,freeze
милость,Grace
снимок,picture
священник,Priest
обитатель,Inhabitant
сопровождаться,accompany
парадный,Falls
подсказать,suggest
покачиваться,sway
интонация,intonation
запеть,to sing
разорвать,Break
отверстие,hole
метаться,rush
заботиться,take care
расходиться,diverge
обязательный,mandatory
пристально,intently
задумать,To conceive
набор,kit
злоба,Anger
одесса,Odessa
таблетка,tablet
молочный,lactic
уволить,fire
поискать,search
разбойник,Robber
быт,life
объясняться,Explain
фигурка,Figure
отбросить,discard
чистота,purity
храниться,Store
образованный,educated
танцор,dancer
копыто,hoof
утверждение,statement
денежный,monetary
конкурс,competition
толчок,push
увести,take away
сводить,reduce
береза,Birch tree
приобретать,purchase
удалиться,Remove
батюшка,Father
вспыхивать,flare up
благополучно,safely
змей,Serpent
тощий,skinny
нахмуриться,frown
доступный,accessible
салон,salon
наливать,pour
бак,tank
сантиметр,centimeter
секретарша,Secretary
прошедший,past
печаль,Sadness
подтверждать,confirm
грамм,gram
пилот,pilot
привлекать,attract
брюхо,belly
семя,seed
трезвый,sober
полоска,strip
залезть,Climb
предположение,assumption
капитализм,capitalism
пусто,empty
умолять,beg
поднести,Bring
покупатель,customer
пожить,live
неважно,never mind
выкинуть,throw out
выводить,Display
податься,Get
чистить,clean
телега,cart
градус,degree
сверкающий,sparkling
преследовать,chase
осложнение,complication
вдали,In the distance
торжественный,solemn
пестрый,motley
справедливый,equitable
откликнуться,respond
четкий,Clear
дорого,expensive
комар,mosquito
пошутить,joke
военно,military
проживать,reside
устало,wearily
выложить,Put
флаг,flag
кастрюля,pan
скучный,boring
известие,news
терпеливо,patiently
всадник,rider
забраться,climb
упираться,to rest
мрачно,Gloomy
узнавать,learn
постоять,stand
вправду,Really
мостовый,Bridge
миллиард,billion
влево,To the left
взлететь,take off
испуг,Fright
восемнадцать,eighteen
заросль,thicket
барьер,barrier
дырка,hole
матушка,mother
проиграть,lose
гордо,proudly
поморщиться,grimace
смутный,vague
насквозь,through
целиком,whole
атомный,atomic
бытие,being
размахивать,swing
икра,caviar
историк,historian
водиться,Wash
подчиняться,obey
коза,goat
дымок,smoke
визг,screech
офис,office
бесшумно,Silently
знающий,knowing
босой,barefoot
предстоящий,The upcoming
повар,cook
спрыгнуть,jump
здоровенный,hefty
переносить,transfer
касса,cash register
независимый,independent
презирать,despise
зарасти,overgrowth
тяжкий,heavy
опускать,let down
изящный,elegant
переехать,move
скатерть,tablecloth
негодяй,scoundrel
убегать,run away
украинский,Ukrainian
кампания,campaign
графа,Count
армейский,army
прислушаться,Listen
освободиться,free yourself
преступный,criminal
уличный,street
крыса,rat
расспрашивать,ask
толкать,push
отчаянно,desperately
издать,publish
схватиться,Grab
кружиться,Drink
освобождение,Liberation
поползти,Creeping
бетонный,concrete
прогноз,forecast
съемка,Shooting
спохватиться,Cross
икона,icon
похоронить,bury
сжимать,compress
местность,terrain
драгоценный,precious
нарастать,grow
чеченский,Chechen
изнутри,From the inside
оборвать,cut off
провал,failure
аккуратный,careful
добавлять,add
шумный,noisy
малость,Little
выглянуть,Look
гонять,drive
негр,black person
вонючий,smelly
поспешить,hurry
молоденький,Young
стоп,stop
дровосек,woodcutter
упорно,Persistent
пробежать,run
снисходительный,indulgent
невыносимый,unbearable
удовлетворение,satisfaction
засунуть,put down
рассердиться,get angry
ритм,rhythm
сдерживать,hold back
подбежать,run up
вплоть,up to it
прелесть,charm
спрятаться,hide
открыто,open
бурый,brown
введение,Introduction
голубок,Dove
мороженый,frozen
бессмысленный,nonsensical
презрение,contempt
округ,District
медсестра,nurse
па,Pa
переводчик,translator
складываться,Fold
дружно,together
разводить,Dilute
уютный,cosy
японец,Japanese
повторяться,repeat
мелодия,melody
вал,shaft
трудиться,work
формирование,Formation
одеться,dress
преодолеть,overcome
канада,Canada
впрямь,Indeed
подводной,Underwater
горшок,pot
определяться,determine
грань,Fine
назначать,assign
курица,hen
качаться,sway
прозвище,nickname
темп,pace
информационный,Information
тесно,closely
глухо,Deaf
посадка,landing
потерпеть,tolerate
обрыв,Cliff
нитка,thread
внимательный,attentive
плакат,poster
банда,gang
вырезать,to cut
скучать,miss
избежать,to avoid
инфекция,infection
убеждение,belief
плоть,flesh
деловитый,businesslike
кидать,throw
стая,flock
немалый,considerable
уничтожение,destruction
успешно,successfully
обочина,The roadside
жадно,eagerly
усадьба,Manor
худо,bad
даваться,Give
траншея,trench
затянуться,Tighten
табуретка,stool
задрать,To lift
объективный,objective
сбегать,run away
пепел,ash
болтаться,hang out
пробка,cork
связывать,bind
рф,RF
изучить,To study
проведение,Conducting
порядочный,decent
провинция,provinces
строчок,Strike
уступать,concede
прощение,forgiveness
порция,a portion
театральный,theatrical
отдаленный,remote
потребоваться,It is necessary
хохот,laughter
сорт,variety
производственный,industrial
вплотную,Close
идеологический,ideological
сравнительно,relatively
питаться,Eat
командующий,commanding
людской,human
угрожать,threaten
рассуждение,Reasoning
фонарик,flashlight
официально,officially
дрянь,rubbish
понедельник,Monday
райком,Rice
мундир,uniform
пребывать,to stay
подавить,suppress
польша,Poland
плясать,dance
удобно,comfortable
самостоятельно,on one's own
заявлять,declare
висок,temple
падаль,carrion
уговорить,persuade
глина,clay
почка,bud
профессионал,professional
катер,boat
недостаточно,Not enough
шарик,ball
конфета,candy
сажать,plant
виски,whiskey
поплыть,sail
делить,share
сетка,grid
бассейн,pool
заря,dawn
студенческий,Student
налоговый,Tax
метод,method
человечек,Man
призывать,call
протяжение,stretch
дымиться,smoke
королевский,royal
матка,uterus
инстинкт,instinct
поздороваться,Say hello
красавец,handsome
минутка,Minute
равнодушный,indifferent
правитель,ruler
обнимать,hug
пополам,in half
угодить,To please
пяток,Pyatki
изучение,study of
кататься,ride
сомнительный,doubtful
пехота,infantry
районный,district
выразиться,To express
натянуть,Pull
лишить,deprive
виновато,guilty
удерживать,hold
заряд,charge
ребро,edge
сустав,joint
привыкать,get used to
шумно,Noisy
хребет,Range
багровый,crimson
пластинка,plate
потрясать,Shock
мотив,Motive
дневной,day
рвануться,rush
воспитывать,bring up
заслуга,merit
возбуждение,excitation
съездить,go
свалить,Dump
газетный,newspaper
биологический,biological
смуглый,dark
обломок,chip
крестьянский,peasant
будка,booth
указанный,specified
кустарник,bush
застрять,get stuck
диплом,diploma
обходиться,Go around
фальшивый,false
пена,foam
скользить,slide
пробираться,wade
вертеться,spin
кипеть,boil
поручить,To entrust
убеждать,convince
восстановление,recovery
ничуть,not at all
злиться,get angry
молитва,prayer
попросту,simply
коммерческий,commercial
отвращение,disgust
уступить,to give in
избегать,to avoid
издалека,from afar
тронуться,Touch
вооружение,Armament
твориться,To go
склонный,prone
пазуха,sinus
религия,religion
недаром,No wonder
пригодиться,come in handy
существенный,significant
сопротивляться,resist
скакать,to jump
кличка,nickname
офицерский,Officer
указ,decree
проглотить,Swallow
прилавок,counter
отвратительный,disgusting
осматривать,inspect
запустить,Launch
местечко,place
поделиться,Share
обещание,Promise
вестись,lead
веранда,veranda
стон,moan
равновесие,equilibrium
скука,boredom
прорваться,break through
отставать,lag behind
пятьсот,five hundred
отмечаться,celebrate
торжество,The celebration
прокуратура,The prosecutor's office
проникать,permeate
чудак,eccentric
неизбежный,inevitable
видимость,visibility
паренек,Parenek
погрузить,Dive
семейство,family
царство,kingdom
употреблять,use
вскричать,Crowing out
устав,Charter
погон,shoulder strap
мудрость,wisdom
высунуться,stick out
смело,boldly
фонтан,fountain
битва,battle
жилец,tenant
наткнуться,stumble
горечь,bitterness
трещать,crack
паника,panic
возникновение,emergence
мыть,wash
смутиться,embarrassed
удачный,successful
печатать,print
сексуальный,sexual
насмешливо,Mocking
публикация,publication
демонстрировать,demonstrate
римский,Roman
оправдать,justify
расследование,investigation
оборудование,equipment
вредный,harmful
пульт,remote controller
прихватить,Take it
язва,ulcer
рок,rock
распространить,spread
ишь,Look
сытый,Fold
разбирать,disassemble
груша,pear
переглянуться,Attend to look at
старенький,Old
гроза,thunderstorm
кислород,oxygen
шахта,mine
прохладный,chill
протекать,flow
удав,boa
выпуск,release
ля,La
хирург,surgeon
брезгливый,squeamish
объединить,Combine
символ,symbol
хозяйственный,economic
магия,magic
убирать,clean up
расставаться,Spread
прибежать,come running
развод,divorce
звонкий,voiced
звездный,star
неправда,not true
перестройка,Perestroika
стратегический,strategic
непривычный,unwonted
просидеть,sit down
заведующий,Head
творить,create
мерцать,flicker
инициатива,initiative
кпсс,CPSU
индивидуальный,individual
единица,unit
трагический,tragic
излишний,surplus
загнать,drive
подчеркивать,emphasize
регион,region
защитник,defender
немой,dumb
напасть,attack
сектор,sector
санитар,Sanitary
ссылка,link
госпожа,Madam
механический,mechanical
роща,grove
нагнуться,Bend
предназначить,intended
грек,Greek
усмешка,Grinkle
дружить,be friends
уникальный,unique
восприятие,perception
потомок,descendant
номенклатура,nomenclature
тропа,trail
почтительный,respectful
казнь,Execution
судебный,judicial
сало,salo
мучительный,painful
сочувствие,sympathy
ветерок,breeze
распорядиться,dispose
живо,lively
цепляться,cling
увеличиваться,increase
питер,Peter
светило,light
подробный,detailed
мед,honey
восхищение,Delight
выдумать,invent
мисс,Miss
кавказ,Caucasus
ноздря,nostril
сочетание,combination
наполовину,half
отправлять,send
независимо,independently
прочный,lasting
ворваться,to break
магический,magical
выпивать,drink
нагрузка,load
группировка,Group
тревожно,Anxious
перец,pepper
правительственный,Government
дрожь,shiver
обсуждение,discussion
ползать,crawl
ручной,manual
достаточный,sufficient
постановление,Resolution
семнадцать,seventeen
вытянуться,stretch out
заметка,the note
принцесса,a princess
посещать,visit
самоубийство,suicide
отодвинуть,Move
раздавить,crush
нежность,tenderness
тоненький,thin
сейф,safe
миф,myth
пятеро,five
объявлять,announce
противно,disgusting
правление,governing body
выдающийся,outstanding
валюта,currency
разработать,Develop
рассыпаться,to crumble
блин,pancake
выезд,Departure
туго,tight
складка,fold
шелковый,silk
предатель,traitor
купец,merchant
удаляться,Remove
психика,The psyche
живопись,painting
кровотечение,bleeding
ворчать,grumble
демократ,democrat
откинуть,back
трещина,crack
мораль,morality
распахнуться,open
помниться,remember
факультет,faculty
поражать,hit
аллея,Alley
настать,Inlet
поляна,Polyana
валенок,Valenok
угрюмый,sullen
солдатик,Soldier
тусклый,dim
снаружи,outside
паровоз,locomotive
интернет,the Internet
посетить,Visit
британский,British
будить,wake up
приказывать,order
алкоголь,alcohol
измерение,Measurement
актриса,actress
размах,scope
внешне,externally
призрак,ghost
увеличить,increase
ахнуть,hesit
лекарственный,drug
бесплатный,free
почетный,honorable
математика,maths
растерять,to lose
собор,Cathedral
сыр,cheese
навестить,visit
соединение,compound
воображать,imagine
самовар,samovar
миома,myoma
испуганный,frightened
незначительный,minor
окончательный,final
вскакивать,jump
канифоль,rosin
вынимать,take out
зарубежный,foreign
робко,timidly
невероятно,Incredible
пересечь,cross
матерый,seasoned
листва,foliage
учеба,studies
кукла,doll
предчувствие,Predperson
обморок,fainting
развалина,wreck
священный,sacred
терапия,therapy
вскрикнуть,Cream
позор,a shame
конструкция,design
концепция,concept
особняк,mansion
весть,news
строиться,Build
бабочка,butterfly
опомниться,come to his senses
тыкать,poke
перебивать,interrupt
вполголоса,In an undertone
изделие,product
студия,Studio
ленинский,Leninist
видение,vision
слюна,saliva
попрощаться,say goodbye
круто,cool
отменить,cancel
встречный,counter
подавлять,suppress
сложность,complexity
выслать,Send
землянин,Earthlings
строение,structure
дежурить,On duty
скрипка,violin
украсить,Decorate
ложный,false
бас,bass
песенка,Song
сани,sled
редкость,rarity
федерация,federation
диагноз,diagnosis
чудовище,monster
вица,Vitsa
помчаться,rush away
премьера,premiere
разыскать,Find it
хоронить,bury
букет,bouquet
доставлять,deliver
выпрямиться,straighten
придать,Give
хорошенький,pretty
боковой,side
кредит,credit
эшелон,echelon
поздравлять,congratulate
староста,The headman
нетерпение,impatience
помахать,wave
кодекс,Code
копье,a spear
матч,match
бесконечно,endlessly
выбежать,run out
поддаваться,to succumb
вскинуть,throw up
зажигалка,lighter
тюремный,prison
акцент,accent
лиловый,lilac
вероятность,probability
плавно,smoothly
призыв,call
утонуть,drown
уничтожать,destroy
крупнейший,The largest
щенок,puppy
выхватить,grab
тигр,tiger
претензия,claim
распространение,Spread
обувь,shoes
влюбиться,Fall in love
аргумент,argument
норовить,to strive
полотно,canvas
пропуск,pass
смола,resin
недовольно,displeased
мучительно,painful
стоянка,parking
содержаться,contain
вследствие,due to
тупик,dead end
овощ,vegetable
нехороший,bad
отрываться,to break away
микрофон,microphone
пышный,lush
стадия,stage
перебраться,to move
создаваться,create
машинальный,Motor
легкость,ease
молот,the hammer
скромно,modestly
верхушка,The top
око,eye
вопреки,Contrary to
активно,actively
национальность,nationality
платформа,platform
верста,verst
подружка,Girlfriend
практик,Practice
ограниченный,limited
оглядывать,look around
взяток,bribes
гусеница,caterpillar
объятие,embrace
отставка,resignation
ихний,Their
чересчур,too
оригинальный,original
рельс,rail
рыбка,Fish
игрок,player
вить,Vit
ура,Hooray
шорох,rustle
новичок,Newbie
парнишка,Boy
скотина,Cattle
поручение,assignment
сослаться,refer
премьер,Prime Minister
добывать,Make it
рывок,jerk
заканчиваться,end
женатый,married
сопка,Sopka
торговец,dealer
эфир,ether
шевелить,stir
присутствующий,present
связаться,contact
завязать,Tie
приезжий,Visitor
строитель,builder
разложить,Lay out
слушатель,listener
отрывать,tear off
остро,acute
африка,Africa
тумбочка,bedside table
